{
  "dataset_revision": "fcf295ea64c750f41fadbaa37b9b861558e1bfbd",
  "task_name": "AlloprofRetrieval",
  "mteb_version": "1.38.9",
  "scores": {
    "test": [
      {
        "ndcg_at_1": 0.33117,
        "ndcg_at_3": 0.42948,
        "ndcg_at_5": 0.46165,
        "ndcg_at_10": 0.48984,
        "ndcg_at_20": 0.50698,
        "ndcg_at_100": 0.53198,
        "ndcg_at_1000": 0.54624,
        "map_at_1": 0.33117,
        "map_at_3": 0.40501,
        "map_at_5": 0.42295,
        "map_at_10": 0.43465,
        "map_at_20": 0.4393,
        "map_at_100": 0.44263,
        "map_at_1000": 0.44314,
        "recall_at_1": 0.33117,
        "recall_at_3": 0.50043,
        "recall_at_5": 0.57815,
        "recall_at_10": 0.66494,
        "recall_at_20": 0.73316,
        "recall_at_100": 0.8696,
        "recall_at_1000": 0.98359,
        "precision_at_1": 0.33117,
        "precision_at_3": 0.16681,
        "precision_at_5": 0.11563,
        "precision_at_10": 0.06649,
        "precision_at_20": 0.03666,
        "precision_at_100": 0.0087,
        "precision_at_1000": 0.00098,
        "mrr_at_1": 0.331174,
        "mrr_at_3": 0.405009,
        "mrr_at_5": 0.422949,
        "mrr_at_10": 0.434647,
        "mrr_at_20": 0.439296,
        "mrr_at_100": 0.442635,
        "mrr_at_1000": 0.443142,
        "nauc_ndcg_at_1_max": 0.316152,
        "nauc_ndcg_at_1_std": 0.009252,
        "nauc_ndcg_at_1_diff1": 0.47068,
        "nauc_ndcg_at_3_max": 0.355123,
        "nauc_ndcg_at_3_std": 0.012033,
        "nauc_ndcg_at_3_diff1": 0.441605,
        "nauc_ndcg_at_5_max": 0.363005,
        "nauc_ndcg_at_5_std": 0.02546,
        "nauc_ndcg_at_5_diff1": 0.441321,
        "nauc_ndcg_at_10_max": 0.365008,
        "nauc_ndcg_at_10_std": 0.033317,
        "nauc_ndcg_at_10_diff1": 0.435367,
        "nauc_ndcg_at_20_max": 0.370604,
        "nauc_ndcg_at_20_std": 0.045195,
        "nauc_ndcg_at_20_diff1": 0.438867,
        "nauc_ndcg_at_100_max": 0.374582,
        "nauc_ndcg_at_100_std": 0.056608,
        "nauc_ndcg_at_100_diff1": 0.440799,
        "nauc_ndcg_at_1000_max": 0.365514,
        "nauc_ndcg_at_1000_std": 0.043092,
        "nauc_ndcg_at_1000_diff1": 0.442573,
        "nauc_map_at_1_max": 0.316152,
        "nauc_map_at_1_std": 0.009252,
        "nauc_map_at_1_diff1": 0.47068,
        "nauc_map_at_3_max": 0.346181,
        "nauc_map_at_3_std": 0.012164,
        "nauc_map_at_3_diff1": 0.448346,
        "nauc_map_at_5_max": 0.350177,
        "nauc_map_at_5_std": 0.019374,
        "nauc_map_at_5_diff1": 0.448522,
        "nauc_map_at_10_max": 0.350431,
        "nauc_map_at_10_std": 0.02241,
        "nauc_map_at_10_diff1": 0.446225,
        "nauc_map_at_20_max": 0.351818,
        "nauc_map_at_20_std": 0.025253,
        "nauc_map_at_20_diff1": 0.447247,
        "nauc_map_at_100_max": 0.352285,
        "nauc_map_at_100_std": 0.026883,
        "nauc_map_at_100_diff1": 0.447384,
        "nauc_map_at_1000_max": 0.352015,
        "nauc_map_at_1000_std": 0.026491,
        "nauc_map_at_1000_diff1": 0.447464,
        "nauc_recall_at_1_max": 0.316152,
        "nauc_recall_at_1_std": 0.009252,
        "nauc_recall_at_1_diff1": 0.47068,
        "nauc_recall_at_3_max": 0.380874,
        "nauc_recall_at_3_std": 0.01132,
        "nauc_recall_at_3_diff1": 0.422161,
        "nauc_recall_at_5_max": 0.403914,
        "nauc_recall_at_5_std": 0.046198,
        "nauc_recall_at_5_diff1": 0.418843,
        "nauc_recall_at_10_max": 0.419596,
        "nauc_recall_at_10_std": 0.077674,
        "nauc_recall_at_10_diff1": 0.394107,
        "nauc_recall_at_20_max": 0.458503,
        "nauc_recall_at_20_std": 0.150082,
        "nauc_recall_at_20_diff1": 0.404821,
        "nauc_recall_at_100_max": 0.578953,
        "nauc_recall_at_100_std": 0.369195,
        "nauc_recall_at_100_diff1": 0.404969,
        "nauc_recall_at_1000_max": 0.654662,
        "nauc_recall_at_1000_std": 0.545813,
        "nauc_recall_at_1000_diff1": 0.381963,
        "nauc_precision_at_1_max": 0.316152,
        "nauc_precision_at_1_std": 0.009252,
        "nauc_precision_at_1_diff1": 0.47068,
        "nauc_precision_at_3_max": 0.380874,
        "nauc_precision_at_3_std": 0.01132,
        "nauc_precision_at_3_diff1": 0.422161,
        "nauc_precision_at_5_max": 0.403914,
        "nauc_precision_at_5_std": 0.046198,
        "nauc_precision_at_5_diff1": 0.418843,
        "nauc_precision_at_10_max": 0.419596,
        "nauc_precision_at_10_std": 0.077674,
        "nauc_precision_at_10_diff1": 0.394107,
        "nauc_precision_at_20_max": 0.458503,
        "nauc_precision_at_20_std": 0.150082,
        "nauc_precision_at_20_diff1": 0.404821,
        "nauc_precision_at_100_max": 0.578953,
        "nauc_precision_at_100_std": 0.369195,
        "nauc_precision_at_100_diff1": 0.404969,
        "nauc_precision_at_1000_max": 0.654662,
        "nauc_precision_at_1000_std": 0.545813,
        "nauc_precision_at_1000_diff1": 0.381963,
        "nauc_mrr_at_1_max": 0.316152,
        "nauc_mrr_at_1_std": 0.009252,
        "nauc_mrr_at_1_diff1": 0.47068,
        "nauc_mrr_at_3_max": 0.346181,
        "nauc_mrr_at_3_std": 0.012164,
        "nauc_mrr_at_3_diff1": 0.448346,
        "nauc_mrr_at_5_max": 0.350177,
        "nauc_mrr_at_5_std": 0.019374,
        "nauc_mrr_at_5_diff1": 0.448522,
        "nauc_mrr_at_10_max": 0.350431,
        "nauc_mrr_at_10_std": 0.02241,
        "nauc_mrr_at_10_diff1": 0.446225,
        "nauc_mrr_at_20_max": 0.351818,
        "nauc_mrr_at_20_std": 0.025253,
        "nauc_mrr_at_20_diff1": 0.447247,
        "nauc_mrr_at_100_max": 0.352285,
        "nauc_mrr_at_100_std": 0.026883,
        "nauc_mrr_at_100_diff1": 0.447384,
        "nauc_mrr_at_1000_max": 0.352015,
        "nauc_mrr_at_1000_std": 0.026491,
        "nauc_mrr_at_1000_diff1": 0.447464,
        "main_score": 0.48984,
        "hf_subset": "default",
        "languages": [
          "fra-Latn"
        ]
      }
    ]
  },
  "evaluation_time": 1138.633218050003,
  "kg_co2_emissions": null
}