{
  "dataset_revision": "65393d0d7a08a10b4e348135e824f385d420b0fd",
  "task_name": "AlloprofReranking",
  "mteb_version": "1.38.9",
  "scores": {
    "test": [
      {
        "map": 0.380967,
        "mrr": 0.391741,
        "nAUC_map_max": -0.026865,
        "nAUC_map_std": 0.0489,
        "nAUC_map_diff1": 0.141931,
        "nAUC_mrr_max": -0.028758,
        "nAUC_mrr_std": 0.045905,
        "nAUC_mrr_diff1": 0.133111,
        "main_score": 0.380967,
        "hf_subset": "default",
        "languages": [
          "fra-Latn"
        ]
      }
    ]
  },
  "evaluation_time": 239.59303736686707,
  "kg_co2_emissions": null
}