{
  "dataset_revision": "65393d0d7a08a10b4e348135e824f385d420b0fd",
  "task_name": "AlloprofReranking",
  "mteb_version": "1.38.9",
  "scores": {
    "test": [
      {
        "map": 0.740112,
        "mrr": 0.755062,
        "nAUC_map_max": 0.273015,
        "nAUC_map_std": 0.265082,
        "nAUC_map_diff1": 0.571518,
        "nAUC_mrr_max": 0.283963,
        "nAUC_mrr_std": 0.257563,
        "nAUC_mrr_diff1": 0.564134,
        "main_score": 0.740112,
        "hf_subset": "default",
        "languages": [
          "fra-Latn"
        ]
      }
    ]
  },
  "evaluation_time": 1109.5059871673584,
  "kg_co2_emissions": null
}