{
  "dataset_revision": "fcf295ea64c750f41fadbaa37b9b861558e1bfbd",
  "task_name": "AlloprofRetrieval",
  "mteb_version": "1.38.9",
  "scores": {
    "test": [
      {
        "ndcg_at_1": 0.24957,
        "ndcg_at_3": 0.34771,
        "ndcg_at_5": 0.37862,
        "ndcg_at_10": 0.41261,
        "ndcg_at_20": 0.4371,
        "ndcg_at_100": 0.46628,
        "ndcg_at_1000": 0.4834,
        "map_at_1": 0.24957,
        "map_at_3": 0.32398,
        "map_at_5": 0.34121,
        "map_at_10": 0.35519,
        "map_at_20": 0.36199,
        "map_at_100": 0.36602,
        "map_at_1000": 0.36667,
        "recall_at_1": 0.24957,
        "recall_at_3": 0.41623,
        "recall_at_5": 0.49093,
        "recall_at_10": 0.59629,
        "recall_at_20": 0.69257,
        "recall_at_100": 0.84974,
        "recall_at_1000": 0.98402,
        "precision_at_1": 0.24957,
        "precision_at_3": 0.13874,
        "precision_at_5": 0.09819,
        "precision_at_10": 0.05963,
        "precision_at_20": 0.03463,
        "precision_at_100": 0.0085,
        "precision_at_1000": 0.00098,
        "mrr_at_1": 0.249568,
        "mrr_at_3": 0.323978,
        "mrr_at_5": 0.341206,
        "mrr_at_10": 0.355188,
        "mrr_at_20": 0.361989,
        "mrr_at_100": 0.366023,
        "mrr_at_1000": 0.366673,
        "nauc_ndcg_at_1_max": 0.292312,
        "nauc_ndcg_at_1_std": 0.026722,
        "nauc_ndcg_at_1_diff1": 0.413606,
        "nauc_ndcg_at_3_max": 0.329437,
        "nauc_ndcg_at_3_std": 0.062716,
        "nauc_ndcg_at_3_diff1": 0.341672,
        "nauc_ndcg_at_5_max": 0.334872,
        "nauc_ndcg_at_5_std": 0.074097,
        "nauc_ndcg_at_5_diff1": 0.335214,
        "nauc_ndcg_at_10_max": 0.34183,
        "nauc_ndcg_at_10_std": 0.084244,
        "nauc_ndcg_at_10_diff1": 0.335106,
        "nauc_ndcg_at_20_max": 0.351307,
        "nauc_ndcg_at_20_std": 0.091534,
        "nauc_ndcg_at_20_diff1": 0.338049,
        "nauc_ndcg_at_100_max": 0.355974,
        "nauc_ndcg_at_100_std": 0.102386,
        "nauc_ndcg_at_100_diff1": 0.338865,
        "nauc_ndcg_at_1000_max": 0.344415,
        "nauc_ndcg_at_1000_std": 0.087602,
        "nauc_ndcg_at_1000_diff1": 0.344326,
        "nauc_map_at_1_max": 0.292312,
        "nauc_map_at_1_std": 0.026722,
        "nauc_map_at_1_diff1": 0.413606,
        "nauc_map_at_3_max": 0.320081,
        "nauc_map_at_3_std": 0.054652,
        "nauc_map_at_3_diff1": 0.356865,
        "nauc_map_at_5_max": 0.323446,
        "nauc_map_at_5_std": 0.061267,
        "nauc_map_at_5_diff1": 0.353408,
        "nauc_map_at_10_max": 0.326429,
        "nauc_map_at_10_std": 0.0656,
        "nauc_map_at_10_diff1": 0.353357,
        "nauc_map_at_20_max": 0.328835,
        "nauc_map_at_20_std": 0.06736,
        "nauc_map_at_20_diff1": 0.354354,
        "nauc_map_at_100_max": 0.329416,
        "nauc_map_at_100_std": 0.068689,
        "nauc_map_at_100_diff1": 0.35451,
        "nauc_map_at_1000_max": 0.329008,
        "nauc_map_at_1000_std": 0.068224,
        "nauc_map_at_1000_diff1": 0.354755,
        "nauc_recall_at_1_max": 0.292312,
        "nauc_recall_at_1_std": 0.026722,
        "nauc_recall_at_1_diff1": 0.413606,
        "nauc_recall_at_3_max": 0.355125,
        "nauc_recall_at_3_std": 0.084505,
        "nauc_recall_at_3_diff1": 0.300979,
        "nauc_recall_at_5_max": 0.367101,
        "nauc_recall_at_5_std": 0.110741,
        "nauc_recall_at_5_diff1": 0.28444,
        "nauc_recall_at_10_max": 0.391425,
        "nauc_recall_at_10_std": 0.145574,
        "nauc_recall_at_10_diff1": 0.279735,
        "nauc_recall_at_20_max": 0.445538,
        "nauc_recall_at_20_std": 0.191937,
        "nauc_recall_at_20_diff1": 0.282445,
        "nauc_recall_at_100_max": 0.568686,
        "nauc_recall_at_100_std": 0.38899,
        "nauc_recall_at_100_diff1": 0.248399,
        "nauc_recall_at_1000_max": 0.671796,
        "nauc_recall_at_1000_std": 0.5849,
        "nauc_recall_at_1000_diff1": 0.226783,
        "nauc_precision_at_1_max": 0.292312,
        "nauc_precision_at_1_std": 0.026722,
        "nauc_precision_at_1_diff1": 0.413606,
        "nauc_precision_at_3_max": 0.355125,
        "nauc_precision_at_3_std": 0.084505,
        "nauc_precision_at_3_diff1": 0.300979,
        "nauc_precision_at_5_max": 0.367101,
        "nauc_precision_at_5_std": 0.110741,
        "nauc_precision_at_5_diff1": 0.28444,
        "nauc_precision_at_10_max": 0.391425,
        "nauc_precision_at_10_std": 0.145574,
        "nauc_precision_at_10_diff1": 0.279735,
        "nauc_precision_at_20_max": 0.445538,
        "nauc_precision_at_20_std": 0.191937,
        "nauc_precision_at_20_diff1": 0.282445,
        "nauc_precision_at_100_max": 0.568686,
        "nauc_precision_at_100_std": 0.38899,
        "nauc_precision_at_100_diff1": 0.248399,
        "nauc_precision_at_1000_max": 0.671796,
        "nauc_precision_at_1000_std": 0.5849,
        "nauc_precision_at_1000_diff1": 0.226783,
        "nauc_mrr_at_1_max": 0.292312,
        "nauc_mrr_at_1_std": 0.026722,
        "nauc_mrr_at_1_diff1": 0.413606,
        "nauc_mrr_at_3_max": 0.320081,
        "nauc_mrr_at_3_std": 0.054652,
        "nauc_mrr_at_3_diff1": 0.356865,
        "nauc_mrr_at_5_max": 0.323446,
        "nauc_mrr_at_5_std": 0.061267,
        "nauc_mrr_at_5_diff1": 0.353408,
        "nauc_mrr_at_10_max": 0.326429,
        "nauc_mrr_at_10_std": 0.0656,
        "nauc_mrr_at_10_diff1": 0.353357,
        "nauc_mrr_at_20_max": 0.328835,
        "nauc_mrr_at_20_std": 0.06736,
        "nauc_mrr_at_20_diff1": 0.354354,
        "nauc_mrr_at_100_max": 0.329416,
        "nauc_mrr_at_100_std": 0.068689,
        "nauc_mrr_at_100_diff1": 0.35451,
        "nauc_mrr_at_1000_max": 0.329008,
        "nauc_mrr_at_1000_std": 0.068224,
        "nauc_mrr_at_1000_diff1": 0.354755,
        "main_score": 0.41261,
        "hf_subset": "default",
        "languages": [
          "fra-Latn"
        ]
      }
    ]
  },
  "evaluation_time": 102.27829098701477,
  "kg_co2_emissions": null
}