{
  "dataset_revision": "65393d0d7a08a10b4e348135e824f385d420b0fd",
  "task_name": "AlloprofReranking",
  "mteb_version": "1.38.9",
  "scores": {
    "test": [
      {
        "map": 0.734721,
        "mrr": 0.747545,
        "nAUC_map_max": 0.122147,
        "nAUC_map_std": 0.225997,
        "nAUC_map_diff1": 0.538134,
        "nAUC_mrr_max": 0.13064,
        "nAUC_mrr_std": 0.219653,
        "nAUC_mrr_diff1": 0.535502,
        "main_score": 0.734721,
        "hf_subset": "default",
        "languages": [
          "fra-Latn"
        ]
      }
    ]
  },
  "evaluation_time": 238.54736471176147,
  "kg_co2_emissions": null
}