{
  "dataset_revision": "fcf295ea64c750f41fadbaa37b9b861558e1bfbd",
  "task_name": "AlloprofRetrieval",
  "mteb_version": "1.38.9",
  "scores": {
    "test": [
      {
        "ndcg_at_1": 0.35017,
        "ndcg_at_3": 0.45876,
        "ndcg_at_5": 0.49062,
        "ndcg_at_10": 0.52065,
        "ndcg_at_20": 0.54034,
        "ndcg_at_100": 0.56183,
        "ndcg_at_1000": 0.57355,
        "map_at_1": 0.35017,
        "map_at_3": 0.43185,
        "map_at_5": 0.44945,
        "map_at_10": 0.462,
        "map_at_20": 0.46749,
        "map_at_100": 0.47055,
        "map_at_1000": 0.471,
        "recall_at_1": 0.35017,
        "recall_at_3": 0.5367,
        "recall_at_5": 0.61442,
        "recall_at_10": 0.70639,
        "recall_at_20": 0.78368,
        "recall_at_100": 0.8981,
        "recall_at_1000": 0.99007,
        "precision_at_1": 0.35017,
        "precision_at_3": 0.1789,
        "precision_at_5": 0.12288,
        "precision_at_10": 0.07064,
        "precision_at_20": 0.03918,
        "precision_at_100": 0.00898,
        "precision_at_1000": 0.00099,
        "mrr_at_1": 0.350173,
        "mrr_at_3": 0.431851,
        "mrr_at_5": 0.449446,
        "mrr_at_10": 0.462003,
        "mrr_at_20": 0.467485,
        "mrr_at_100": 0.470554,
        "mrr_at_1000": 0.470997,
        "nauc_ndcg_at_1_max": 0.266268,
        "nauc_ndcg_at_1_std": -0.033571,
        "nauc_ndcg_at_1_diff1": 0.459536,
        "nauc_ndcg_at_3_max": 0.276618,
        "nauc_ndcg_at_3_std": -0.033513,
        "nauc_ndcg_at_3_diff1": 0.40473,
        "nauc_ndcg_at_5_max": 0.295724,
        "nauc_ndcg_at_5_std": -0.017326,
        "nauc_ndcg_at_5_diff1": 0.40578,
        "nauc_ndcg_at_10_max": 0.30057,
        "nauc_ndcg_at_10_std": -0.015505,
        "nauc_ndcg_at_10_diff1": 0.411411,
        "nauc_ndcg_at_20_max": 0.30961,
        "nauc_ndcg_at_20_std": -0.007703,
        "nauc_ndcg_at_20_diff1": 0.411986,
        "nauc_ndcg_at_100_max": 0.304909,
        "nauc_ndcg_at_100_std": -0.003988,
        "nauc_ndcg_at_100_diff1": 0.413316,
        "nauc_ndcg_at_1000_max": 0.299929,
        "nauc_ndcg_at_1000_std": -0.010205,
        "nauc_ndcg_at_1000_diff1": 0.416997,
        "nauc_map_at_1_max": 0.266268,
        "nauc_map_at_1_std": -0.033571,
        "nauc_map_at_1_diff1": 0.459536,
        "nauc_map_at_3_max": 0.275632,
        "nauc_map_at_3_std": -0.032504,
        "nauc_map_at_3_diff1": 0.417293,
        "nauc_map_at_5_max": 0.285684,
        "nauc_map_at_5_std": -0.024012,
        "nauc_map_at_5_diff1": 0.418081,
        "nauc_map_at_10_max": 0.287378,
        "nauc_map_at_10_std": -0.023899,
        "nauc_map_at_10_diff1": 0.42092,
        "nauc_map_at_20_max": 0.289485,
        "nauc_map_at_20_std": -0.02216,
        "nauc_map_at_20_diff1": 0.421209,
        "nauc_map_at_100_max": 0.28893,
        "nauc_map_at_100_std": -0.021662,
        "nauc_map_at_100_diff1": 0.421538,
        "nauc_map_at_1000_max": 0.288827,
        "nauc_map_at_1000_std": -0.021799,
        "nauc_map_at_1000_diff1": 0.4217,
        "nauc_recall_at_1_max": 0.266268,
        "nauc_recall_at_1_std": -0.033571,
        "nauc_recall_at_1_diff1": 0.459536,
        "nauc_recall_at_3_max": 0.278897,
        "nauc_recall_at_3_std": -0.03696,
        "nauc_recall_at_3_diff1": 0.367627,
        "nauc_recall_at_5_max": 0.330778,
        "nauc_recall_at_5_std": 0.006737,
        "nauc_recall_at_5_diff1": 0.366842,
        "nauc_recall_at_10_max": 0.35649,
        "nauc_recall_at_10_std": 0.02185,
        "nauc_recall_at_10_diff1": 0.37784,
        "nauc_recall_at_20_max": 0.426434,
        "nauc_recall_at_20_std": 0.080475,
        "nauc_recall_at_20_diff1": 0.371399,
        "nauc_recall_at_100_max": 0.459537,
        "nauc_recall_at_100_std": 0.212105,
        "nauc_recall_at_100_diff1": 0.348658,
        "nauc_recall_at_1000_max": 0.699105,
        "nauc_recall_at_1000_std": 0.726048,
        "nauc_recall_at_1000_diff1": 0.494953,
        "nauc_precision_at_1_max": 0.266268,
        "nauc_precision_at_1_std": -0.033571,
        "nauc_precision_at_1_diff1": 0.459536,
        "nauc_precision_at_3_max": 0.278897,
        "nauc_precision_at_3_std": -0.03696,
        "nauc_precision_at_3_diff1": 0.367627,
        "nauc_precision_at_5_max": 0.330778,
        "nauc_precision_at_5_std": 0.006737,
        "nauc_precision_at_5_diff1": 0.366842,
        "nauc_precision_at_10_max": 0.35649,
        "nauc_precision_at_10_std": 0.02185,
        "nauc_precision_at_10_diff1": 0.37784,
        "nauc_precision_at_20_max": 0.426434,
        "nauc_precision_at_20_std": 0.080475,
        "nauc_precision_at_20_diff1": 0.371399,
        "nauc_precision_at_100_max": 0.459537,
        "nauc_precision_at_100_std": 0.212105,
        "nauc_precision_at_100_diff1": 0.348658,
        "nauc_precision_at_1000_max": 0.699105,
        "nauc_precision_at_1000_std": 0.726048,
        "nauc_precision_at_1000_diff1": 0.494953,
        "nauc_mrr_at_1_max": 0.266268,
        "nauc_mrr_at_1_std": -0.033571,
        "nauc_mrr_at_1_diff1": 0.459536,
        "nauc_mrr_at_3_max": 0.275632,
        "nauc_mrr_at_3_std": -0.032504,
        "nauc_mrr_at_3_diff1": 0.417293,
        "nauc_mrr_at_5_max": 0.285684,
        "nauc_mrr_at_5_std": -0.024012,
        "nauc_mrr_at_5_diff1": 0.418081,
        "nauc_mrr_at_10_max": 0.287378,
        "nauc_mrr_at_10_std": -0.023899,
        "nauc_mrr_at_10_diff1": 0.42092,
        "nauc_mrr_at_20_max": 0.289485,
        "nauc_mrr_at_20_std": -0.02216,
        "nauc_mrr_at_20_diff1": 0.421209,
        "nauc_mrr_at_100_max": 0.28893,
        "nauc_mrr_at_100_std": -0.021662,
        "nauc_mrr_at_100_diff1": 0.421538,
        "nauc_mrr_at_1000_max": 0.288827,
        "nauc_mrr_at_1000_std": -0.021799,
        "nauc_mrr_at_1000_diff1": 0.4217,
        "main_score": 0.52065,
        "hf_subset": "default",
        "languages": [
          "fra-Latn"
        ]
      }
    ]
  },
  "evaluation_time": 700.3126702308655,
  "kg_co2_emissions": null
}