{
  "dataset_revision": "65393d0d7a08a10b4e348135e824f385d420b0fd",
  "task_name": "AlloprofReranking",
  "mteb_version": "1.38.9",
  "scores": {
    "test": [
      {
        "map": 0.689988,
        "mrr": 0.701938,
        "nAUC_map_max": 0.224344,
        "nAUC_map_std": 0.216212,
        "nAUC_map_diff1": 0.521469,
        "nAUC_mrr_max": 0.233763,
        "nAUC_mrr_std": 0.212168,
        "nAUC_mrr_diff1": 0.518356,
        "main_score": 0.689988,
        "hf_subset": "default",
        "languages": [
          "fra-Latn"
        ]
      }
    ]
  },
  "evaluation_time": 229.05609607696533,
  "kg_co2_emissions": null
}