{
  "dataset_revision": "fcf295ea64c750f41fadbaa37b9b861558e1bfbd",
  "task_name": "AlloprofRetrieval",
  "mteb_version": "1.38.9",
  "scores": {
    "test": [
      {
        "ndcg_at_1": 0.29404,
        "ndcg_at_3": 0.40106,
        "ndcg_at_5": 0.43445,
        "ndcg_at_10": 0.46752,
        "ndcg_at_20": 0.4892,
        "ndcg_at_100": 0.5143,
        "ndcg_at_1000": 0.52765,
        "map_at_1": 0.29404,
        "map_at_3": 0.37464,
        "map_at_5": 0.39314,
        "map_at_10": 0.40695,
        "map_at_20": 0.41293,
        "map_at_100": 0.41639,
        "map_at_1000": 0.41686,
        "recall_at_1": 0.29404,
        "recall_at_3": 0.47755,
        "recall_at_5": 0.55872,
        "recall_at_10": 0.66019,
        "recall_at_20": 0.74568,
        "recall_at_100": 0.88126,
        "recall_at_1000": 0.98791,
        "precision_at_1": 0.29404,
        "precision_at_3": 0.15918,
        "precision_at_5": 0.11174,
        "precision_at_10": 0.06602,
        "precision_at_20": 0.03728,
        "precision_at_100": 0.00881,
        "precision_at_1000": 0.00099,
        "mrr_at_1": 0.294041,
        "mrr_at_3": 0.37464,
        "mrr_at_5": 0.393142,
        "mrr_at_10": 0.406945,
        "mrr_at_20": 0.41293,
        "mrr_at_100": 0.416388,
        "mrr_at_1000": 0.416864,
        "nauc_ndcg_at_1_max": 0.292507,
        "nauc_ndcg_at_1_std": 0.000159,
        "nauc_ndcg_at_1_diff1": 0.411758,
        "nauc_ndcg_at_3_max": 0.321045,
        "nauc_ndcg_at_3_std": 0.008795,
        "nauc_ndcg_at_3_diff1": 0.352046,
        "nauc_ndcg_at_5_max": 0.332621,
        "nauc_ndcg_at_5_std": 0.015319,
        "nauc_ndcg_at_5_diff1": 0.349851,
        "nauc_ndcg_at_10_max": 0.34239,
        "nauc_ndcg_at_10_std": 0.018216,
        "nauc_ndcg_at_10_diff1": 0.354823,
        "nauc_ndcg_at_20_max": 0.351313,
        "nauc_ndcg_at_20_std": 0.026314,
        "nauc_ndcg_at_20_diff1": 0.357621,
        "nauc_ndcg_at_100_max": 0.349807,
        "nauc_ndcg_at_100_std": 0.032049,
        "nauc_ndcg_at_100_diff1": 0.360928,
        "nauc_ndcg_at_1000_max": 0.340644,
        "nauc_ndcg_at_1000_std": 0.024531,
        "nauc_ndcg_at_1000_diff1": 0.362408,
        "nauc_map_at_1_max": 0.292507,
        "nauc_map_at_1_std": 0.000159,
        "nauc_map_at_1_diff1": 0.411758,
        "nauc_map_at_3_max": 0.314391,
        "nauc_map_at_3_std": 0.006644,
        "nauc_map_at_3_diff1": 0.366172,
        "nauc_map_at_5_max": 0.320636,
        "nauc_map_at_5_std": 0.010078,
        "nauc_map_at_5_diff1": 0.365129,
        "nauc_map_at_10_max": 0.323919,
        "nauc_map_at_10_std": 0.010802,
        "nauc_map_at_10_diff1": 0.367011,
        "nauc_map_at_20_max": 0.326239,
        "nauc_map_at_20_std": 0.012876,
        "nauc_map_at_20_diff1": 0.367832,
        "nauc_map_at_100_max": 0.325826,
        "nauc_map_at_100_std": 0.013357,
        "nauc_map_at_100_diff1": 0.368062,
        "nauc_map_at_1000_max": 0.325584,
        "nauc_map_at_1000_std": 0.013209,
        "nauc_map_at_1000_diff1": 0.368114,
        "nauc_recall_at_1_max": 0.292507,
        "nauc_recall_at_1_std": 0.000159,
        "nauc_recall_at_1_diff1": 0.411758,
        "nauc_recall_at_3_max": 0.339986,
        "nauc_recall_at_3_std": 0.014975,
        "nauc_recall_at_3_diff1": 0.31175,
        "nauc_recall_at_5_max": 0.370474,
        "nauc_recall_at_5_std": 0.032313,
        "nauc_recall_at_5_diff1": 0.303568,
        "nauc_recall_at_10_max": 0.414218,
        "nauc_recall_at_10_std": 0.04764,
        "nauc_recall_at_10_diff1": 0.315749,
        "nauc_recall_at_20_max": 0.477525,
        "nauc_recall_at_20_std": 0.097886,
        "nauc_recall_at_20_diff1": 0.3218,
        "nauc_recall_at_100_max": 0.576432,
        "nauc_recall_at_100_std": 0.246907,
        "nauc_recall_at_100_diff1": 0.34231,
        "nauc_recall_at_1000_max": 0.752939,
        "nauc_recall_at_1000_std": 0.55599,
        "nauc_recall_at_1000_diff1": 0.446666,
        "nauc_precision_at_1_max": 0.292507,
        "nauc_precision_at_1_std": 0.000159,
        "nauc_precision_at_1_diff1": 0.411758,
        "nauc_precision_at_3_max": 0.339986,
        "nauc_precision_at_3_std": 0.014975,
        "nauc_precision_at_3_diff1": 0.31175,
        "nauc_precision_at_5_max": 0.370474,
        "nauc_precision_at_5_std": 0.032313,
        "nauc_precision_at_5_diff1": 0.303568,
        "nauc_precision_at_10_max": 0.414218,
        "nauc_precision_at_10_std": 0.04764,
        "nauc_precision_at_10_diff1": 0.315749,
        "nauc_precision_at_20_max": 0.477525,
        "nauc_precision_at_20_std": 0.097886,
        "nauc_precision_at_20_diff1": 0.3218,
        "nauc_precision_at_100_max": 0.576432,
        "nauc_precision_at_100_std": 0.246907,
        "nauc_precision_at_100_diff1": 0.34231,
        "nauc_precision_at_1000_max": 0.752939,
        "nauc_precision_at_1000_std": 0.55599,
        "nauc_precision_at_1000_diff1": 0.446666,
        "nauc_mrr_at_1_max": 0.292507,
        "nauc_mrr_at_1_std": 0.000159,
        "nauc_mrr_at_1_diff1": 0.411758,
        "nauc_mrr_at_3_max": 0.314391,
        "nauc_mrr_at_3_std": 0.006644,
        "nauc_mrr_at_3_diff1": 0.366172,
        "nauc_mrr_at_5_max": 0.320636,
        "nauc_mrr_at_5_std": 0.010078,
        "nauc_mrr_at_5_diff1": 0.365129,
        "nauc_mrr_at_10_max": 0.323919,
        "nauc_mrr_at_10_std": 0.010802,
        "nauc_mrr_at_10_diff1": 0.367011,
        "nauc_mrr_at_20_max": 0.326239,
        "nauc_mrr_at_20_std": 0.012876,
        "nauc_mrr_at_20_diff1": 0.367832,
        "nauc_mrr_at_100_max": 0.325826,
        "nauc_mrr_at_100_std": 0.013357,
        "nauc_mrr_at_100_diff1": 0.368062,
        "nauc_mrr_at_1000_max": 0.325584,
        "nauc_mrr_at_1000_std": 0.013209,
        "nauc_mrr_at_1000_diff1": 0.368114,
        "main_score": 0.46752,
        "hf_subset": "default",
        "languages": [
          "fra-Latn"
        ]
      }
    ]
  },
  "evaluation_time": 256.78708839416504,
  "kg_co2_emissions": null
}