{
  "dataset_revision": "65393d0d7a08a10b4e348135e824f385d420b0fd",
  "task_name": "AlloprofReranking",
  "mteb_version": "1.38.9",
  "scores": {
    "test": [
      {
        "map": 0.740505,
        "mrr": 0.753283,
        "nAUC_map_max": 0.104536,
        "nAUC_map_std": 0.18048,
        "nAUC_map_diff1": 0.534314,
        "nAUC_mrr_max": 0.111616,
        "nAUC_mrr_std": 0.181163,
        "nAUC_mrr_diff1": 0.52849,
        "main_score": 0.740505,
        "hf_subset": "default",
        "languages": [
          "fra-Latn"
        ]
      }
    ]
  },
  "evaluation_time": 238.1974630355835,
  "kg_co2_emissions": null
}