{
  "dataset_revision": "e0144086b45fe31ac125e9ac1a83b6a409bb6ca6",
  "task_name": "News21InstructionRetrieval",
  "mteb_version": "1.38.9",
  "scores": {
    "test": [
      {
        "p-MRR": 0.015002,
        "individual": {
          "original": {
            "ndcg_at_1": 0.1875,
            "ndcg_at_3": 0.25745,
            "ndcg_at_5": 0.27506,
            "ndcg_at_10": 0.31027,
            "ndcg_at_20": 0.34844,
            "ndcg_at_100": 0.45812,
            "ndcg_at_1000": 0.52264,
            "map_at_1": 0.02846,
            "map_at_3": 0.07115,
            "map_at_5": 0.09784,
            "map_at_10": 0.13525,
            "map_at_20": 0.16964,
            "map_at_100": 0.23822,
            "map_at_1000": 0.25638,
            "recall_at_1": 0.02846,
            "recall_at_3": 0.10359,
            "recall_at_5": 0.15575,
            "recall_at_10": 0.24527,
            "recall_at_20": 0.34982,
            "recall_at_100": 0.69065,
            "recall_at_1000": 1.0,
            "precision_at_1": 0.25,
            "precision_at_3": 0.34375,
            "precision_at_5": 0.325,
            "precision_at_10": 0.28125,
            "precision_at_20": 0.225,
            "precision_at_100": 0.10406,
            "precision_at_1000": 0.01634,
            "naucs_at_1_max": 0.253252,
            "naucs_at_1_std": 0.264727,
            "naucs_at_1_diff1": 0.186439,
            "naucs_at_3_max": 0.088836,
            "naucs_at_3_std": -0.033394,
            "naucs_at_3_diff1": 0.166178,
            "naucs_at_5_max": 0.107478,
            "naucs_at_5_std": -0.004276,
            "naucs_at_5_diff1": 0.101854,
            "naucs_at_10_max": 0.092056,
            "naucs_at_10_std": 0.015611,
            "naucs_at_10_diff1": 0.106233,
            "naucs_at_20_max": 0.092056,
            "naucs_at_20_std": 0.015611,
            "naucs_at_20_diff1": 0.106233,
            "naucs_at_100_max": 0.095298,
            "naucs_at_100_std": 0.017785,
            "naucs_at_100_diff1": 0.105321,
            "naucs_at_1000_max": 0.097546,
            "naucs_at_1000_std": 0.018453,
            "naucs_at_1000_diff1": 0.107582,
            "mrr_at_1": 0.25,
            "mrr_at_3": 0.458333,
            "mrr_at_5": 0.486458,
            "mrr_at_10": 0.490923,
            "mrr_at_20": 0.490923,
            "mrr_at_100": 0.492179,
            "mrr_at_1000": 0.492488
          },
          "changed": {
            "ndcg_at_1": 0.46484,
            "ndcg_at_3": 0.50204,
            "ndcg_at_5": 0.47681,
            "ndcg_at_10": 0.48272,
            "ndcg_at_20": 0.51612,
            "ndcg_at_100": 0.61516,
            "ndcg_at_1000": 0.70116,
            "map_at_1": 0.02923,
            "map_at_3": 0.08022,
            "map_at_5": 0.11689,
            "map_at_10": 0.19155,
            "map_at_20": 0.27379,
            "map_at_100": 0.40611,
            "map_at_1000": 0.44836,
            "recall_at_1": 0.02923,
            "recall_at_3": 0.08802,
            "recall_at_5": 0.1304,
            "recall_at_10": 0.23145,
            "recall_at_20": 0.35558,
            "recall_at_100": 0.68523,
            "recall_at_1000": 1.0,
            "precision_at_1": 0.6875,
            "precision_at_3": 0.72917,
            "precision_at_5": 0.6625,
            "precision_at_10": 0.6375,
            "precision_at_20": 0.52656,
            "precision_at_100": 0.23125,
            "precision_at_1000": 0.03725,
            "naucs_at_1_max": 0.308584,
            "naucs_at_1_std": -0.169648,
            "naucs_at_1_diff1": -0.283165,
            "naucs_at_3_max": 0.375996,
            "naucs_at_3_std": -0.294349,
            "naucs_at_3_diff1": -0.293918,
            "naucs_at_5_max": 0.375996,
            "naucs_at_5_std": -0.294349,
            "naucs_at_5_diff1": -0.293918,
            "naucs_at_10_max": 0.361665,
            "naucs_at_10_std": -0.274176,
            "naucs_at_10_diff1": -0.273736,
            "naucs_at_20_max": 0.355758,
            "naucs_at_20_std": -0.278765,
            "naucs_at_20_diff1": -0.285342,
            "naucs_at_100_max": 0.355758,
            "naucs_at_100_std": -0.278765,
            "naucs_at_100_diff1": -0.285342,
            "naucs_at_1000_max": 0.355758,
            "naucs_at_1000_std": -0.278765,
            "naucs_at_1000_diff1": -0.285342,
            "mrr_at_1": 0.6875,
            "mrr_at_3": 0.802083,
            "mrr_at_5": 0.802083,
            "mrr_at_10": 0.80599,
            "mrr_at_20": 0.807943,
            "mrr_at_100": 0.807943,
            "mrr_at_1000": 0.807943
          }
        },
        "main_score": 0.015002,
        "hf_subset": "default",
        "languages": [
          "eng-Latn"
        ]
      }
    ]
  },
  "evaluation_time": 12065.73157286644,
  "kg_co2_emissions": null
}