{
  "dataset_revision": "f8c2fcf00f625baaa80f62ec5bd9e1fff3b8ae88",
  "task_name": "SCIDOCS",
  "mteb_version": "1.38.9",
  "scores": {
    "test": [
      {
        "ndcg_at_1": 0.225,
        "ndcg_at_3": 0.17665,
        "ndcg_at_5": 0.15563,
        "ndcg_at_10": 0.18958,
        "ndcg_at_20": 0.22038,
        "ndcg_at_100": 0.27142,
        "ndcg_at_1000": 0.32816,
        "map_at_1": 0.04553,
        "map_at_3": 0.07845,
        "map_at_5": 0.09378,
        "map_at_10": 0.1106,
        "map_at_20": 0.12195,
        "map_at_100": 0.13183,
        "map_at_1000": 0.13506,
        "recall_at_1": 0.04553,
        "recall_at_3": 0.09977,
        "recall_at_5": 0.13882,
        "recall_at_10": 0.20128,
        "recall_at_20": 0.27387,
        "recall_at_100": 0.44003,
        "recall_at_1000": 0.71638,
        "precision_at_1": 0.225,
        "precision_at_3": 0.164,
        "precision_at_5": 0.137,
        "precision_at_10": 0.0992,
        "precision_at_20": 0.0675,
        "precision_at_100": 0.02165,
        "precision_at_1000": 0.00353,
        "mrr_at_1": 0.225,
        "mrr_at_3": 0.291833,
        "mrr_at_5": 0.311333,
        "mrr_at_10": 0.326223,
        "mrr_at_20": 0.333124,
        "mrr_at_100": 0.337827,
        "mrr_at_1000": 0.338451,
        "nauc_ndcg_at_1_max": 0.203856,
        "nauc_ndcg_at_1_std": 0.041128,
        "nauc_ndcg_at_1_diff1": 0.186577,
        "nauc_ndcg_at_3_max": 0.251767,
        "nauc_ndcg_at_3_std": 0.104073,
        "nauc_ndcg_at_3_diff1": 0.147746,
        "nauc_ndcg_at_5_max": 0.269674,
        "nauc_ndcg_at_5_std": 0.127915,
        "nauc_ndcg_at_5_diff1": 0.152152,
        "nauc_ndcg_at_10_max": 0.299455,
        "nauc_ndcg_at_10_std": 0.168765,
        "nauc_ndcg_at_10_diff1": 0.142786,
        "nauc_ndcg_at_20_max": 0.313832,
        "nauc_ndcg_at_20_std": 0.206545,
        "nauc_ndcg_at_20_diff1": 0.148926,
        "nauc_ndcg_at_100_max": 0.331003,
        "nauc_ndcg_at_100_std": 0.255479,
        "nauc_ndcg_at_100_diff1": 0.146538,
        "nauc_ndcg_at_1000_max": 0.329587,
        "nauc_ndcg_at_1000_std": 0.269352,
        "nauc_ndcg_at_1000_diff1": 0.151001,
        "nauc_map_at_1_max": 0.201301,
        "nauc_map_at_1_std": 0.040303,
        "nauc_map_at_1_diff1": 0.185846,
        "nauc_map_at_3_max": 0.255826,
        "nauc_map_at_3_std": 0.086477,
        "nauc_map_at_3_diff1": 0.152146,
        "nauc_map_at_5_max": 0.275274,
        "nauc_map_at_5_std": 0.110342,
        "nauc_map_at_5_diff1": 0.160458,
        "nauc_map_at_10_max": 0.296016,
        "nauc_map_at_10_std": 0.142808,
        "nauc_map_at_10_diff1": 0.147589,
        "nauc_map_at_20_max": 0.305957,
        "nauc_map_at_20_std": 0.166881,
        "nauc_map_at_20_diff1": 0.150985,
        "nauc_map_at_100_max": 0.315253,
        "nauc_map_at_100_std": 0.188681,
        "nauc_map_at_100_diff1": 0.151853,
        "nauc_map_at_1000_max": 0.315504,
        "nauc_map_at_1000_std": 0.191614,
        "nauc_map_at_1000_diff1": 0.153209,
        "nauc_recall_at_1_max": 0.201301,
        "nauc_recall_at_1_std": 0.040303,
        "nauc_recall_at_1_diff1": 0.185846,
        "nauc_recall_at_3_max": 0.264695,
        "nauc_recall_at_3_std": 0.132982,
        "nauc_recall_at_3_diff1": 0.1253,
        "nauc_recall_at_5_max": 0.285871,
        "nauc_recall_at_5_std": 0.167558,
        "nauc_recall_at_5_diff1": 0.133345,
        "nauc_recall_at_10_max": 0.321394,
        "nauc_recall_at_10_std": 0.226404,
        "nauc_recall_at_10_diff1": 0.111664,
        "nauc_recall_at_20_max": 0.327852,
        "nauc_recall_at_20_std": 0.28468,
        "nauc_recall_at_20_diff1": 0.118982,
        "nauc_recall_at_100_max": 0.332922,
        "nauc_recall_at_100_std": 0.376722,
        "nauc_recall_at_100_diff1": 0.095239,
        "nauc_recall_at_1000_max": 0.287762,
        "nauc_recall_at_1000_std": 0.432669,
        "nauc_recall_at_1000_diff1": 0.077131,
        "nauc_precision_at_1_max": 0.203856,
        "nauc_precision_at_1_std": 0.041128,
        "nauc_precision_at_1_diff1": 0.186577,
        "nauc_precision_at_3_max": 0.269751,
        "nauc_precision_at_3_std": 0.136382,
        "nauc_precision_at_3_diff1": 0.127736,
        "nauc_precision_at_5_max": 0.291467,
        "nauc_precision_at_5_std": 0.170773,
        "nauc_precision_at_5_diff1": 0.134646,
        "nauc_precision_at_10_max": 0.327274,
        "nauc_precision_at_10_std": 0.226981,
        "nauc_precision_at_10_diff1": 0.112976,
        "nauc_precision_at_20_max": 0.333479,
        "nauc_precision_at_20_std": 0.284301,
        "nauc_precision_at_20_diff1": 0.121194,
        "nauc_precision_at_100_max": 0.341093,
        "nauc_precision_at_100_std": 0.374717,
        "nauc_precision_at_100_diff1": 0.099938,
        "nauc_precision_at_1000_max": 0.29818,
        "nauc_precision_at_1000_std": 0.421299,
        "nauc_precision_at_1000_diff1": 0.081066,
        "nauc_mrr_at_1_max": 0.203856,
        "nauc_mrr_at_1_std": 0.041128,
        "nauc_mrr_at_1_diff1": 0.186577,
        "nauc_mrr_at_3_max": 0.223995,
        "nauc_mrr_at_3_std": 0.092439,
        "nauc_mrr_at_3_diff1": 0.159155,
        "nauc_mrr_at_5_max": 0.229229,
        "nauc_mrr_at_5_std": 0.094871,
        "nauc_mrr_at_5_diff1": 0.156897,
        "nauc_mrr_at_10_max": 0.238058,
        "nauc_mrr_at_10_std": 0.105523,
        "nauc_mrr_at_10_diff1": 0.161223,
        "nauc_mrr_at_20_max": 0.23754,
        "nauc_mrr_at_20_std": 0.107973,
        "nauc_mrr_at_20_diff1": 0.161879,
        "nauc_mrr_at_100_max": 0.236596,
        "nauc_mrr_at_100_std": 0.105888,
        "nauc_mrr_at_100_diff1": 0.162015,
        "nauc_mrr_at_1000_max": 0.236349,
        "nauc_mrr_at_1000_std": 0.105498,
        "nauc_mrr_at_1000_diff1": 0.162057,
        "main_score": 0.18958,
        "hf_subset": "default",
        "languages": [
          "eng-Latn"
        ]
      }
    ]
  },
  "evaluation_time": 4336.181401491165,
  "kg_co2_emissions": null
}